Link Number,Youtube Video Links,Title
Link 1,https://youtu.be/CWYv7xlKydw,Learn Object Oriented Programming in 10 minutes (Java)
Link 2,https://youtu.be/sO1ctUNQ1k8,Why You Shouldn’t Learn Python In 2021
Link 3,https://youtu.be/B6LNvy7Wdp4,10 LATEST TECHNOLOGY INVENTIONS ▶ Smart Vehicle You Must See
Link 31,https://youtu.be/hGyJTcdfR1E,Can My Water Cooled Raspberry Pi Cluster Beat My MacBook?
Link 32,https://youtu.be/cUoohARM8us,LIFE IN RAMZAN! | COMEDY VIDEO
Link 33,https://youtu.be/Swvui2mi_iU,Russell Shakib & Malan Join in | Zero Tolerance required for PSL Protocols
Link 34,https://youtu.be/Y_XM3Bu-4yc,TensorFlow.js Quick Start
Link 35,https://youtu.be/wX75Z-4MEoM,you need to learn Virtual Machines RIGHT NOW!! (Kali Linux VM Ubuntu Windows)
Link 36,https://youtu.be/jma9hFQSCDk,Coding Interview | Software Engineer @ Bloomberg (Part 1)
Link 38,https://youtu.be/WUODHf0IT5U,Amazing Brathwaite 100! | West Indies v New Zealand - Match Highlights | ICC Cricket World Cup 2019
Link 39,https://youtu.be/ZzXGSFVbVvU,Ferocious Dinosaur Moments | Top 5 | BBC Earth
Link 40,https://youtu.be/db1u06fojyc,10 Latest NEW TECH GADGETS AND INVENTIONS 2020 | Available On Amazon | You Can Buy in ONLINE STORE
Link 41,https://youtu.be/LkVorQ0EAU8,Ranking push of my team's OP Play video | Many Hackers | PUBG MOBILE
Link 85,https://youtu.be/du4DDUcC2gw,AIRPLANE Bean | Bean Movie | Funny Clips | Mr Bean Official
Link 86,https://youtu.be/6NPTslF68Q0,Mini LED cube with 54 pixel WiFi & gyroscope | SMT hotplate soldering | Pikocube v2.0
Link 87,https://youtu.be/TpL4vT8pyoY,ASMR Video | Build Modern Glass Elevator For Underground And Rooftop Infinity Swimming Pool
Link 88,https://youtu.be/TKRaos1T_as,NEW BEST LANDING IN MILITARY BASE
Link 89,https://youtu.be/KfetEOtv9qI,Random Facts Around The World | Part 57 | Urdu / Hindi
Link 90,https://youtu.be/ZfJKBpVzrO0,How THANOS Knew TONY In Avengers: Infinity War? | Super Questions Ep. 5 | Super Access
Link 91,https://youtu.be/6-66D9J5PkY,Data Center NETWORKS (what do they look like??) // FREE CCNA // EP 7
Link 92,https://youtu.be/frwEQKILYcY,New Ghar Saman Shift Karna Shuru Kar diya
Link 93,https://youtu.be/WK14B3F-j-s,2v4 CLUTCH FOR THE WWCD • PMPL FINALS • 2 MAN CHICKEN DINNER •
Link 94,https://youtu.be/rdDwwlyB_3U,MAKING A SNEAKER ROOM IN MY NEW HOUSE!
Link 95,https://youtu.be/ytMYHvHrs_s,5 Richest Kids Of Pakistan | TOP X TV
Link 96,https://youtu.be/4zHnoqd5vVc,Levels of Ultra Instinct (1% - 50% - 100%)
Link 111,https://youtu.be/uMKE_julLAY,Arslan Ash vs Knee - EVO 2019 Grand Finals - Tekken 7
Link 112,https://youtu.be/7OWWk1F4_Yw,How To Make Marble Cake At Home in Urdu I Marble Cake Recipe I No Oven Cake Recipe I Marble Tea Cake
Link 113,https://youtu.be/3yFGLIb5M8M,Mozzarella Cheese Recipe By ijaz Ansari | How To Make Mozzarella Cheese At Home | No Rennet |
Link 114,https://youtu.be/plREmdqJpDY,Extra Crispy Fried Chicken Recipe By Food Fusion (Ramzan Special)
Link 115,https://youtu.be/LaRgep8-b_w,10 Most Expensive Things Dwayne The Rock Johnson Owns - MET Ep 14
Link 116,https://youtu.be/-dyirBgg6xw,Shahid Afridi Home Tour | Exclusive Video
Link 117,https://youtu.be/0x2nDLxzZiI,Ek Sharabi Jo Sharab Se Roza Iftar Krta Tha | Latest Ramadan Bayan by Maulana Tariq Jameel 2017
Link 118,https://youtu.be/FhobuWZre6g,Daniel Bryan & Roman Reigns vs. Seth Rollins Big Show Kane & J&J Security: Raw February 9 2015
Link 119,https://youtu.be/sLYazynm_1M,Spintop Snipers | Amazing Top Trick Shots!
Link 120,https://youtu.be/3qUkTyPlTAQ,Random Acts of Kindness - Faith In Humanity Restored #3
Link 121,https://youtu.be/lr-aV1qCggs,Sony - World's First Smartphone To Do This
Link 122,https://youtu.be/waJH2ltaMmA,AVENGERS ENDGAME "Becoming Fat Thor" Behind the Scenes Bonus Clip (2019) Chris Hemsworth Move HD
Link 123,https://youtu.be/speVEHADwlc,ScaleTrains BNSF HO Scale Dash 9 C44-9W Unboxing
Link 124,https://youtu.be/PTpoj4f25dk,Xiaomi Mi Mix Alpha Impressions: The Wraparound Display!
Link 125,https://youtu.be/fKpw9uGIy40,Shan-e-Iftar - Shan E Dastarkhwan [Chicken Parmesan] - 23rd April 2021 - Chef Farah
Link 126,https://youtu.be/aP3FahmEp6U,Latest Trouser Design 2021 | Capri Design 2021 | Plazo Pant Design
Link 128,https://youtu.be/Isp4L0JeF2o,VW Amarok Tackling Gunshot Creek Sept 2015
Link 129,https://youtu.be/KnjYIRiRf6k,Eau De Bean | Mr Bean Cartoon Season 3 | NEW FULL EPISODE | Season 3 Episode 12 | Mr Bean Official
